M,K,N,rocblas_tflops,rocblas_us,triton_tflops,triton_us,triton_at_tflops,triton_at_us,best,best_tflops
256,256,256,3.1937135034714594,10.50640014000237,1.4182511315435766,23.65902008023113,2.213612915628547,15.158220194280148,rocBLAS,3.1937135034714594
512,512,512,13.587541021883258,19.755999674089253,7.524887286952442,35.673020174726844,17.867110010998736,15.023999731056392,Triton-AT,17.867110010998736
1024,1024,1024,50.880256435718536,42.20661998260766,53.212673785614314,40.35661986563355,55.43464018509588,38.73902023769915,Triton-AT,55.43464018509588
2048,2048,2048,72.8634544156323,235.7817004667595,77.13077269180515,222.73689974099398,77.87364871093456,220.61210009269416,Triton-AT,77.87364871093456
4096,4096,4096,90.16254195623013,1524.3464801460505,85.96734071338176,1598.7345000030473,76.4687094658174,1797.3227798938751,rocBLAS,90.16254195623013
128,1024,4096,46.96330806348694,22.863419726490974,27.577931909130317,38.93482033163309,40.03750445120814,26.818400365300477,rocBLAS,46.96330806348694
256,1024,4096,51.55825096544018,41.651600040495396,52.2634354334818,41.089599835686386,56.07208962062421,38.29861991107464,Triton-AT,56.07208962062421
512,1024,4096,73.73078753627256,58.25201980769634,78.49931030209356,54.71343989484012,57.60228983976001,74.56244027707726,Triton,78.49931030209356
1024,1024,4096,71.85556411985972,119.54445973969996,75.81111564603063,113.30705950967968,75.46665460641037,113.82423981558532,Triton,75.81111564603063
