M,K,N,rocblas_tflops,rocblas_us,triton_tflops,triton_us,triton_at_tflops,triton_at_us,best,best_tflops
256,256,256,3.2689596044097398,10.264560000905476,1.3897662105030149,24.143939999703434,2.2755370371777914,14.745720000064466,rocBLAS,3.2689596044097398
512,512,512,12.861179699072146,20.871760000318318,6.898795799975496,38.910480000140524,17.271082606621842,15.542480000476644,Triton-AT,17.271082606621842
1024,1024,1024,51.41119472436659,41.7707400015388,53.45823648920121,40.17124000029071,58.391298583522186,36.77745999993931,Triton-AT,58.391298583522186
2048,2048,2048,67.24031356019972,255.49953999870922,79.97872114083336,214.80549999978393,77.93759928976965,220.43107999934364,Triton,79.97872114083336
4096,4096,4096,93.05967991161805,1476.8904599986854,87.80006140434307,1565.3628399991248,79.16183740948199,1736.1769000012828,rocBLAS,93.05967991161805
128,1024,4096,50.72663410730793,21.167219999824738,28.165153165457248,38.123059998724784,39.99765409747292,26.845120000871248,rocBLAS,50.72663410730793
256,1024,4096,51.602703210136674,41.61571999929947,53.659456577510504,40.02060000175334,54.68275479913166,39.27168000018355,Triton-AT,54.68275479913166
512,1024,4096,77.11477056005887,55.69578000176989,79.46450131909536,54.04887999929997,57.073868845754305,75.252780000028,Triton,79.46450131909536
1024,1024,4096,73.79722149247176,116.39915999921868,73.7783330881858,116.42896000012115,74.24979126842747,115.6896800011964,Triton-AT,74.24979126842747
